{
  "manifest.json": 1681730226208,
  "model/models.js": 1681216596064,
  "utils/locate-reuse-libs.js": 1681216596060,
  "controller/View1.controller.js": 1681716634499,
  "controller/App.controller.js": 1681216596064,
  "i18n/i18n.properties": 1681216596056,
  "Component.js": 1681216596048,
  "utils/locate-reuse-libs-dbg.js": 1681216596060,
  "utils/locate-reuse-libs.js.map": 1681730226545,
  "model/models-dbg.js": 1681216596064,
  "model/models.js.map": 1681730226469,
  "controller/View1-dbg.controller.js": 1681716634499,
  "controller/View1.controller.js.map": 1681730226530,
  "controller/App-dbg.controller.js": 1681216596064,
  "controller/App.controller.js.map": 1681730226453,
  "Component-dbg.js": 1681216596048,
  "Component.js.map": 1681730226462,
  "Component-preload.js": 1681730226950,
  "Component-preload.js.map": 1681730226950,
  "view/View1.view.xml": 1681724228831,
  "view/App.view.xml": 1681216596064,
  "css/style.css": 1681216596064,
  "index.html": 1681273910177
}